Krippendorff_alpha_rv0,Krippendorff_alpha_rv1,Krippendorff_alpha_rv2
0.7749170467931853,0.2829709158067366,0.6614421572168051
